Name,Category
five spice powder,0
ice,0
almond milk,0
green cardamom pod,0
green chile paste,0
chickpea flour,0
black tea leaf,0
pod cardamom,0
red rooibos tea,0
tiger prawn,0
licorice root,0
ethiopian kibbeh butter,0
garnish,0
noodle,0
ethiopian berbere seasoning,0
chinese rock sugar,0
mustard seed,0
injera,0
mandarin orange peel,0
thai green chile,0
wedge lemon,0
mustard oil,0
salmon,0
dungeness crab,0
garlic paste,0
potato lengthwise,0
ginger paste,0
lamb shank,1
italian flat leaf parsley,1
sage,1
kasha buckwheat groat,1
mango chutney,1
baby portabella mushroom,1
white bean,1
up chicken,1
leg lamb meat,1
lime zest,1
cayenne,1
fenugreek leaf,1
creme fraiche,1
white fish,1
tarragon,1
ditalini pasta,1
cider vinegar,1
bread crumb,1
swiss chard,1
wheat couscous,1
turnip,1
virgin palm oil,1
purple onion,1
prune,1
chunky salsa,1
beef chuck,1
lamb,1
wine vinegar,1
feta cheese,1
thyme,1
tuna olive oil,1
plum tomato,1
brown lentil,1
bay leaf,1
spirulina powder,1
walnut half,1
turkey bacon,1
zest orange,1
yellow onion,1
green olive,1
bulb garlic,1
purslane,1
persian lime,1
sumac,1
ra el hanout,1
dukka,1
waxy potato,1
greek yogurt,1
goat shoulder,1
chuck roast,1
apricot,1
sardine,1
lamb shoulder,1
parsley flake,1
black olive,1
worcestershire sauce,1
chickpea,1
yellow bell pepper,1
ham hock,1
fennel bulb,1
beef stew meat,1
curry powder,1
baby okra,1
berbere,1
saffron,1
spice,1
salad,1
barberry,1
sugar bean,1
harissa red pepper paste,1
basmati rice,1
bulgur,1
rutabaga,1
red,1
red chile pepper lengthwise,1
nonfat yogurt,1
bulgur wheat,1
dressing,1
stew beef,1
pork neck,1
oxtail soup mix,1
golden raisin,1
chicken bouillon cube,1
kosher salt,1
beef bouillon,1
monkfish fillet,1
moroccan lemon,1
white bread crumb,1
salad green,1
green lentil,1
spinach leaf,1
dijon mustard,1
pomegranate molasses,1
baby spinach,1
cassava root,1
poultry seasoning,1
fruit apple,1
butternut squash soup,1
apricot preserve,1
spinach,1
russet potato,1
lentil,1
vegetable stock,1
cranberry,1
chile sauce,1
mustard powder,1
dill,1
grape tomato,1
greek seasoning,1
cannellini bean,1
dark brown lentil,1
pomegranate paste,1
rosemary,1
oregano,1
head cabbage,1
artichoke heart,1
carrot lengthwise,1
red kidney bean,1
falafel,1
cod fillet portion,1
tomato juice,1
pita bread pocket,1
leaf spinach,1
hungarian paprika,1
juice,1
leek,1
pork liver,1
apple juice,1
apricot half,1
french green lentil,1
cooking oil spray,1
tuna,1
chervil,1
angel hair pasta,1
extra peanut butter,1
acorn squash,1
chipotle chili powder,1
caper,1
linguine pasta,1
rosemary leaf,1
parsley sauce,1
cauliflower,1
potato flake,1
black eyed pea overnight,1
savory,1
cold water,1
french onion,1
catfish,1
green red bell pepper,1
pear,1
anchovy fillet,1
fava bean,1
fenugreek seed,1
harissa paste,1
yellow onion lengthwise,1
caraway seed,1
lima bean,1
whitefish fillet,1
black cumin seed,1
beef bouillon powder,1
parsley leaf,1
lettuce leaf,1
pita bread,1
pomegranate seed,1
cabbage leaf,1
sprig parsley,1
radish,1
pomegranate syrup,1
phyllo dough,1
oil black olive,1
flat leaf parsley,1
rom tomato,1
lemon zest,1
ginger garlic paste,1
kosher salt black pepper,1
yam,1
mutton chop,1
asafoetida powder,1
rack lamb,1
nutritional yeast,1
wheat bread,1
red pimento sauce,1
english cucumber,1
balsamic vinegar,1
oxtail,1
roasting chicken,1
head romaine lettuce,1
mascarpone cheese,1
tahini sauce,1
cardamom seed,1
falafel mix,1
beef rib,1
onion powder,1
madras curry powder,1
lamb sirloin,1
sultana raisin,1
ranch dressing,1
turkey breast half,1
red potato,1
chipotle chile powder,1
parmesan cheese,1
tahini paste,1
garbanzo bean overnight,1
elbow macaroni,1
beluga lentil,1
lemon wedge,1
chayote squash,1
allspice berry,1
penne pasta,1
persian cucumber,1
malt vinegar,1
sumac powder,1
aleppo pepper,1
baby carrot,1
ra el hanout mix,1
pita,1
lemon pepper,1
torn romaine lettuce,1
onion salt,1
onion flake,1
agave nectar,1
celery salt,1
herb,1
salmon fillet,1
italian seasoning,1
leg lamb,1
kale,1
fettuccine,1
wasabi powder,1
yellow lentil,1
okra,1
chestnut mushroom,1
fine bread crumb,1
turkey,1
organic vegetable broth,1
fennel seed,1
quince,1
merguez italian sausage,1
chicken bouillon powder,1
yellow squash,1
grain rice,1
lettuce,1
jalapeno pepper lengthwise,1
panko bread crumb,1
honey mustard,1
sheep milk feta cheese,1
italian parsley,1
israeli pickle,1
mackerel tomato sauce,1
fine bulgur,1
turkey leg,1
italian eggplant,1
peanut butter sauce,1
condiment,1
green bean carrot,1
lemon,1
coriander,1
artichoke bottom,1
olive,1
ghee,1
berbere seasoning,1
red chile powder,1
turmeric,1
nutmeg,1
goat meat,1
chicken drumstick,1
garbanzo bean,1
sea salt,1
red wine vinegar,1
tuna oil,1
mayonnaise,1
orange juice,1
salt pepper,1
cashew half,1
harissa,1
wild salmon fillet,1
goat cheese,1
red onion,1
extra virgin olive oil,1
black cumin,1
parsnip,1
brown rice,1
cooking couscous,1
green bell pepper,1
potato,1
collard green,1
celery,1
red lentil,1
chicken liver,1
tahini,1
pinto bean,1
bamboo skewer,1
taco seasoning mix,1
spicy mustard,1
allspice,1
lemon juice,1
banana squash,1
wooden,1
beef stock,1
dill weed,1
salt,1
ghee butter,1
tomato puree,1
cucumber,1
mint leaf,1
cardamom,1
onion,1
grapeseed oil,1
zucchini,1
arugula,1
green grape,1
spring water,1
half cream,1
pepper,1
paprika,1
tomato sauce,1
olive oil,1
atlantic sea bass,1
green pea,1
yogurt,1
cumin seed,1
spice mix,1
coriander seed,1
cumin,1
vermicelli pasta,1
parsley,1
couscous,1
tomato paste,1
mint,1
clove,1
cinnamon,1
lamb meat,1
non yogurt,1
carrot,1
head garlic crosswise,1
eggplant,1
red bell pepper,1
black pepper,1
salt black pepper,1
tomato soup,1
saffron thread,1
cayenne pepper,1
white onion,1
green chile pepper,1
tomato,1
green bean,1
chicken giblet,1
black eyed pea,1
kabob skewer,1
chile powder,1
tomato oil,1
pearl barley,1
wheat,1
lamb rib,1
vegetable broth,1
purslane leaf,1
pea carrot,1
pomegranate,1
mediterranean black olive,1
arugula leaf,1
pearl onion,1
butternut squash,1
fresno chile pepper,1
chinese vinegar,1
moroccan spice mix,1
pork rib,1
tagine,1
himalayan pink salt,1
meatball,1
beef roast,1
dill pickle spear,1
stew meat,1
marjoram,1
orzo pasta,1
organic chicken broth,1
chorizo sausage,1
baby artichoke,1
grape leaf,1
rabbit,1
white peppercorn,1
tilapia fillet,1
organic beef broth,1
lamb leg,1
thyme leaf,1
romaine lettuce,1
leaf romaine lettuce,1
chipotle pepper adobo sauce,1
pickle persian cucumber,1
kalamata olive,1
fideo noodle,1
garbanzo bean chickpea,1
beef consomme,1
head cauliflower,1
spice paste,1
pineapple juice,1
lamb breast chop,1
japanese eggplant,1
anaheim pepper,1
new mexico chile,1
adobo sauce chipotle pepper,1
cocktail sausage,1
beef stock concentrate,1
black cardamom seed,1
fenugreek,1
garlic powder,1
halloumi cheese,1
garam masala,1
red wine,1
beef,1
leg duck,1
mustard,1
lamb stew meat,1
red chili powder,1
baharat,1
garlic clove,1
spice mixture,1
beet,1
serrano pepper,1
white kidney bean,1
bulb fennel,1
yellow potato,1
habanero pepper,1
black bean,1
vegetable bouillon,1
freekeh,1
goat milk el kasih,2
glaze,2
almost kai banana,2
pudding,2
anise seed,2
edamame green,2
corn syrup,2
yellow mung bean,2
granola,2
pot sticker,2
arrowroot powder,2
bread flour,2
vermicelli,2
cream coconut,2
semolina,2
white bread,2
fish ball,2
glutinous black rice,2
curry leaf,2
macapuno,2
blue food coloring,2
cream tartar,2
ginger sesame salad dressing,2
purple potato,2
texas toast bread,2
ham,2
wheat flour,2
apricot jelly,2
red food color,2
ube,2
violet food coloring,2
adzuki bean filling,2
glutinous white rice,2
italian tomato paste,2
water juice,2
cornflakes cereal,2
mango,2
pumpkin,2
molasses,2
taro root,2
pork stock,2
matzo cake meal,2
lukewarm water,2
bread machine yeast,2
purple yam powder,2
anise seed powder,2
pumpkin seed,2
pineapple chunk,2
salad oil,2
monterey jack cheese,2
cooking tapioca,2
strawberry,2
crab,2
grape,2
chicken meat,2
soy milk,2
pea vine shoot,2
yucca,2
young coconut,2
gelatin powder,2
torn cilantro leaf,2
millet flour,2
za'atar,2
applesauce,2
cream cheese,2
red bean,2
chocolate chip,2
arborio rice,2
whipping cream,2
peanut corn oil,2
amarula liqueur,2
orange liqueur,2
farmer cheese,2
oriental flavor ramen noodle soup,2
bermuda onion,2
cocoa powder,2
pea pod,2
granny smith apple,2
lard,2
chinese black bean sauce,2
muenster cheese,2
half,2
goji berry,2
vietnamese fish sauce,2
edam cheese,2
bread,2
pastry flour,2
red bean paste,2
chutney,2
cracker,2
duck sauce,2
honeydew melon baller,2
cooking oil,2
high milk chocolate,2
pumpkin puree,2
mahleb,2
coffee,2
lukewarm milk,2
goat milk,2
cantaloupe melon baller,2
almond extract,2
shell,2
waxgourd,2
sticky rice,2
superfine sugar,2
orange food color,2
mozzarella cheese,2
vegetable shortening,2
watermelon melon baller,2
corn tortilla,2
cornmeal,2
white balsamic vinegar,2
gingersnap cookie crumb,2
brandy,2
egyptian rice,2
golden syrup,2
chicken bouillon granule,2
confectioner sugar,2
lychee,2
pig foot,2
chinese barbeque pork,2
orange pekoe tea,2
green food coloring,2
black tea,2
fruit cocktail,2
wheat berry,2
ice cube,2
corn flour,2
sesame seed,2
lemon pudding mix,2
currant,2
wheat germ,2
spicy red chile pepper,2
corn oil,2
egg noodle,2
papaya lengthwise,2
corn cob,2
tapioca pearl,2
tapioca flour,2
thai red chile paste,2
white rice,2
peppermint oil,2
blue cheese,2
tea,2
corn,2
soy flour,2
pistachio,2
black sesame seed,2
cream corn,2
ladyfinger,2
coconut extract,2
panang red curry paste,2
peach,2
ricotta cheese,2
asian pork,2
rise yeast,2
flake coconut,2
horseradish,2
square spring wrapper,2
chicken leg quarter,2
cashew,2
rosewater,2
mung bean,2
yellow saffron rice,2
agar flake,2
heavy whipping cream,2
first dough,2
orange zest,2
apple cider vinegar,2
cooking wine,2
broccoli coleslaw mix,2
coconut cream,2
agar powder,2
bai kraprao,2
vinegar,2
walnut,2
clam,2
thai chili garlic sauce,2
butter,2
cream,2
nam prik pao chile paste,2
purpose flour,2
white sugar,2
milk,2
baking soda,2
onion soup mix,2
white vinegar,2
sugar pumpkin,2
popcorn kernel,2
raisin,2
water,2
egg,2
sauce,2
purple yam root,2
maja blanca,2
latik,2
chee fah chile,2
vanilla powder,2
pine nut,2
banana,2
unripe banana,2
chicken ramen noodle,2
cooking spray,2
macapuno string,2
bacon,2
soul food seasoning,2
liquid smoke flavoring,2
margarine,2
himalayan salt,2
fillet flounder,2
cottage cheese,2
coconut,2
thai glutinous rice,2
cream mushroom soup,2
cheddar cheese,2
dough,2
orange flower water,2
rum flavoring,2
sugar syrup,2
baking powder,2
filling,2
sugar,2
oil,2
almond,2
topping,2
gelatin,2
mature coconut,2
watermelon,2
almond flour,2
coffee chicory,2
fig,2
farina cereal,2
pistachio nut,2
barley,2
chinese roast duck meat,2
orange peel,2
clover sprout,2
egg wrapper,2
chinese pork,2
flavor fruit jam,2
cantaloupe,2
white rice flour,2
puff pastry,2
green mung bean,2
mandarin orange segment,2
black raisin,2
tapioca root,2
dark roast coffee bean,2
rose water,2
millet,2
glutinous rice flour,2
arrowroot starch,2
shortening,2
coating,2
milk powder,2
yeast,2
mochiko,2
oat,2
egg yolk,2
graham cracker,2
vanilla extract,2
crust,2
nonfat milk powder,2
cake flour,2
cinnamon sugar,2
pecan,2
corn kernel,2
honeydew melon,2
apple,2
chocolate,2
seasoning salt,2
coffee bean,2
medjool date,2
pecan half,2
pork spare rib,2
vanilla,2
second dough,2
kiwi fruit,2
ring,2
confectioner ' sugar,2
adzuki bean,2
pomegranate juice,2
saffron powder,2
pastry,2
wheat starch,2
hazelnut,2
chinese barbeque sauce,2
semolina flour,2
heavy cream,2
egg white,2
rice flour,2
flour,2
lotus root,2
self rising flour,2
almond half,2
date,2
pearl tapioca,2
gari cassava flour,2
butter margarine,2
nut,2
apricot jam,2
rose petal,2
castor sugar,2
glutinous rice,2
asparagus tip,3
alaskan king crab leg,3
chinese winter melon,3
dashi,3
curry,3
head chinese cabbage,3
wood ear mushroom,3
square wonton wrapper,3
banana ketchup,3
shaoxing wine chinese rice,3
pork leg,3
tamari sauce,3
red thai curry paste,3
wood fungus mushroom,3
citric acid powder,3
monkfish,3
asian chili garlic sauce,3
tiger lily bud,3
mandarin orange,3
black rice vinegar,3
romaine lettuce torn,3
green mango,3
black bean sauce garlic,3
bitter melon,3
black bean garlic sauce,3
chinese rice cooking wine,3
tilapia,3
italian cheese,3
pizza crust,3
red thai bird chile pepper,3
thai dipping sauce,3
vietnamese mint,3
leaf thai basil,3
sirloin tip roast,3
dumpling skin,3
snow pea pod,3
watercress,3
peanut canola oil,3
asian radish,3
sesame salad dressing,3
red date,3
chinese moo,3
white eggplant,3
coconut water,3
chinese celery,3
beef tenderloin cube,3
ha avocado,3
crab meat,3
hot green chile pepper,3
lop chong chinese sausage,3
pork fillet,3
metal skewer,3
banana pepper,3
mahi fillet,3
thai chili pepper,3
shrimp stock,3
chinese egg noodle,3
chinese roast pork,3
mussel,3
chilies,3
soybean sprout,3
cornstarch dissolved,3
head baby bok choy,3
white fish fillet,3
sambal oelek,3
pork belly,3
miso paste,3
sriracha sauce,3
patis,3
gin,3
kalamansi filipino lemon juice,3
fillet white fish,3
szechuan peppercorn,3
mustard cabbage,3
stem lettuce,3
head bok choy,3
beef soup,3
flat bean curd,3
hot chile paste,3
baby bella mushroom,3
skin green,3
red snapper,3
choy sum,3
cranberry sauce,3
asparagus,3
chili paste,3
lite soy sauce,3
hot pepper sauce,3
shaoxing wine,3
live razor clam,3
black bean sauce,3
tamarind sauce,3
vegetarian chicken substitute,3
chinese cooking wine,3
chili bean sauce,3
water tofu,3
red chili flake,3
extra shrimp,3
sa cha sauce,3
annatto powder,3
red snapper fillet,3
garlic oil,3
sushi rice,3
garlic chili sauce,3
cloud ear mushroom,3
garlic chile dip,3
chinese cabbage,3
sake,3
stir fry,3
lumpia wrapper egg,3
doubanjiang,3
young ginger,3
grapefruit,3
butter lettuce leaf,3
tianmianjiang,3
red chile oil,3
beef tri tip roast,3
rayu,3
extra beef,3
daikon,3
jalapeno chile,3
szechuan peppercorn oil,3
chile bean sauce,3
tempeh,3
rice paper wrapper,3
skin pork belly,3
tuna steak,3
dark brown sugar,3
sea bass,3
white sesame seed,3
wonton skin,3
cilantro stem,3
juice lime,3
pak chi,3
steak fillet,3
chinese vegetable,3
thai chile sauce,3
thai serrano chile,3
back bacon,3
tapioca starch,3
bean sauce,3
cooking oat,3
red leaf lettuce,3
width rice noodle,3
naturally soy sauce,3
peel mandarin orange,3
carp,3
halibut fillet,3
chinese dark soy sauce,3
coleslaw mix,3
ginger dip,3
red pepper pod,3
mushroom soy sauce,3
kiwi,3
gai lan chinese broccoli,3
head leaf lettuce,3
white soy sauce,3
fish fillet,3
,3
maifun rice,3
red bell pepper lengthwise,3
kaffir lime leaf,3
gluten baking flour,3
jalapeno pepper,3
sugar snap pea,3
red chile paste,3
pork meat,3
maple syrup,3
cherry tomato,3
prawn,3
bell pepper,3
avocado,3
achiote powder,3
tomato green chile pepper,3
spaghetti,3
bamboo shoot,3
basil leaf,3
ketchup,3
serrano chile pepper,3
tamari,3
sirloin steak,3
scallion,3
chicken breast meat,3
clove garlic,3
galangal,3
lemon grass,3
squid,3
green curry paste,3
thai basil leaf,3
chicken breast half,3
lime leaf,3
straw mushroom,3
coconut milk,3
jumbo shrimp,3
pineapple,3
rockfish,3
green onion diagonally,3
rice vinegar,3
hundred year egg,3
barbecue sauce,3
duck egg,3
chinese bun,3
fettuccine pasta,3
natural peanut butter,3
thai peanut sauce,3
vegetable potstickers,3
udon noodle,3
monosodium glutamate,3
edamame,3
cremini mushroom,3
bean,3
sirloin tip,3
cherrystone clam,3
cooking sherry,3
seasoning,3
red chile sauce,3
yellow curry paste,3
chili garlic sauce,3
rice wine,3
chile paste,3
head napa cabbage,3
garlic salt,3
asian sesame oil,3
mirin,3
broccoli stem,3
salad shrimp,3
lemongrass,3
baby shrimp,3
red curry paste,3
vegetable,3
chicken leg,3
chinese noodle,3
broccoli floret,3
basil,3
fish oil,3
white pepper,3
chile garlic sauce,3
chile pepper,3
cashew nut,3
sunflower seed oil,3
shaoxing rice wine,3
marinade,3
bok choy,3
live lobster,3
chili powder,3
pea shoot,3
peanut butter,3
rice wine vinegar,3
chicken wing,3
snow pea,3
onion lengthwise,3
quinoa,3
wonton wrapper,3
yellow curry powder,3
chile padi,3
tiger,3
cilantro leaf,3
chive,3
boston lettuce,3
palm sugar,3
soy sauce,3
lime,3
green onion,3
tofu,3
wide rice noodle,3
shrimp,3
ginger,3
pork chop,3
baby bok choy,3
brown rice vinegar,3
portobello mushroom,3
cornstarch,3
red chile pepper,3
brown sugar,3
potato starch,3
oyster sauce,3
creamy peanut butter,3
chili sauce,3
rice noodle,3
vegetable oil,3
celery rib,3
chicken broth,3
red pepper flake,3
pork loin,3
tamarind pulp,3
honey,3
thai basil,3
garlic,3
rice wrapper,3
rotisserie chicken,3
canola oil,3
peanut,3
hoisin sauce,3
lime juice,3
skewer,3
bean sprout,3
ginger root,3
pork tenderloin,3
cilantro,3
asian fish sauce,3
chicken thigh,3
asian red chili paste,3
garlic scape,3
chili bean paste,3
aji mirin rice cooking wine,3
pork loin roast,3
star anise pod,3
dark soy sauce,3
chinese five spice powder,3
pandan leaf,3
salt white pepper,3
dipping sauce,3
grain white rice,3
pork link sausage,3
shallot,3
spring onion,3
thai bird chile pepper,3
head garlic,3
soybean paste,3
soybean,3
rice,3
leaf lettuce,3
red thai chile pepper,3
baby corn,3
coconut oil,3
sichuan peppercorn,3
chili paste garlic,3
cornstarch water,3
mushroom,3
chicken breast,3
chow mein noodle,3
chunky peanut butter,3
peanut oil,3
chicken,3
chicken stock,3
red pepper,3
white wine,3
jasmine rice,3
heinz tomato ketchup,3
width rice vermicelli noodle,3
pepper sauce,3
vegetable chicken broth,3
lop chong,3
oriental ramen noodle,3
sherry,3
sesame oil,3
shiitake mushroom,3
pork,3
gingerroot,3
cabbage,3
bamboo shoot strip,3
lamb loin chop,3
green cabbage,3
rice vermicelli noodle,3
calabash gourd,3
chinese chive,3
pink curing salt,3
pork butt,3
chinese rice wine,3
halibut,3
cilantro sprig,3
green chile pepper lengthwise,3
thai fish sauce,3
red curry powder,3
juice from one lime,3
chinese egg noodle nest,3
vegetarian fish sauce,3
soba noodle,3
fillet tilapia,3
new york,3
pineapple chunk juice,3
dark sesame oil,3
diakon radish,3
rice vermicelli,3
green chilies,3
thai chili paste,3
jalapeno chile pepper,3
pork shoulder,3
chinese black vinegar,3
chinese wheat noodle,3
hard egg,3
silken tofu,3
coconut meat,3
new potato,3
head broccoli,3
tamarind paste,3
head iceberg lettuce,3
red grapefruit,3
red food coloring,3
kecap manis,3
black tiger shrimp,3
hot water,3
mung bean sprout,3
torn lettuce leaf,3
vietnamese rice noodle,3
pork sparerib,3
shirataki noodle,3
shaoxing cooking wine,3
pork shoulder roast,3
zest lime,3
chinese eggplant,3
basil pesto,3
chili oil,3
peanut sauce,3
soy vermicelli,3
hot chile pepper,3
thai seasoning,3
crabmeat,3
baby corn ear,3
enoki mushroom,3
wedge lime,3
slaw mix,3
coconut powder,3
broth,3
spanish onion,3
soup,3
grain brown rice,3
king oyster mushroom,3
lemon grass bulb,3
chinese mushroom,3
pork sausage,3
kimchi,3
chinese turnip,3
beef bouillon cube,3
salsa,3
fillet swai fish,3
chinese black mushroom,3
char siu,3
pork bouillon cube,3
cilantro root,3
chicken carcass,3
galangal grain,3
trout,3
thai chicken broth,3
duck leg,3
turmeric root grain,3
wooden skewer,3
tamarind soup base,3
panang curry paste,3
tom,3
fish stock,3
belacan shrimp paste,3
macadamia nut,3
nutmeg open,3
beef rump,3
tom yum paste,3
sichuan bean sauce,3
chile de arbol pepper,3
spicy black bean sauce,3
provolone cheese,3
rice paper,3
chicken tender,3
asian chile pepper sauce,3
white radish,3
beef sirloin,3
beef knuckle meat,3
black peppercorn,3
anise pod,3
beef oxtail,3
head lettuce,3
chinese mustard green,3
thai chile,3
baby cabbage,3
flaxseed oil,3
japanese cucumber,3
japanese white mushroom,3
tamarind concentrate,3
bite broccoli,3
rib eye steak,3
chinese sausage,3
french bread baguette,3
pork loin chop,3
flat rice noodle,3
thai rice noodle,3
pork roast,3
french sandwich,3
spaghetti squash,3
red chilies,3
broccoli,3
wonton,3
thai chilies,3
scallop,3
turkey carcass,3
black mushroom,3
clam juice,3
cabernet sauvignon wine,3
beef tenderloin,3
star anise,3
tangerine,3
fruit,3
sparkling mineral water,3
spring onion white,3
chile oil,3
sichuan peppercorn oil,3
bean paste,3
pate,3
sriracha hot sauce,3
daikon radish,3
portobello mushroom cap,3
cucumber lengthwise,3
chile sauce garlic,3
extra tofu,3
lime wedge,3
nuoc mam,3
king mushroom,3
pad thai rice noodle,3
green peppercorn,3
steak seasoning,3
thai pepper garlic sauce,3
shell prawn,3
ramen noodle,3
tiger shrimp,3
watercress leaf,3
beef broth,3
bird eye chile,3
thai red curry paste,3
iceberg lettuce,3
teriyaki sauce,3
spring wrapper,3
steak,3
crimini mushroom,3
pasta choice,3
chestnut,3
hamburger bun,3
thai chile flake,3
napa cabbage,3
white,3
shrimp paste,3
tangerine zest,3
rice powder,3
thai chile pepper,3
lemon grass powder,3
gyoza potsticker wrapper,3
curry paste,3
turmeric root,3
tamarind juice,3
mace,3
turmeric powder,3
beef steak,3
pepper strip,4
salt soy sauce,4
mirin asian wine,4
white wine vinegar,4
orange blossom honey,4
chunk pineapple juice,4
sage leaf,5
green papaya,5
vegetarian worcestershire sauce,5
miso,6
plum jam,6
duck,6
almond butter,6
nama shoyu,6
orange,6
